{"cameraMode":{"drawMode":0,"name":"Shaded","section":"Shading Mode"},"sceneLighting":false,"audioPlay":false,"sceneViewState":{"m_AlwaysRefresh":false,"showFog":false,"showSkybox":false,"showFlares":false,"showImageEffects":false,"showParticleSystems":false,"showVisualEffectGraphs":true,"m_FxEnabled":true},"in2DMode":false,"pivot":{"x":-1.4520578384399415,"y":1.6331408023834229,"z":1.1113595962524415},"rotation":{"x":0.04148154333233833,"y":0.9511100053787231,"z":-0.26846686005592348,"w":0.14695902168750764},"size":17.84833335876465,"orthographic":false}