{"cameraMode":{"drawMode":0,"name":"Shaded","section":"Shading Mode"},"sceneLighting":false,"audioPlay":false,"sceneViewState":{"m_AlwaysRefresh":false,"showFog":false,"showSkybox":false,"showFlares":false,"showImageEffects":false,"showParticleSystems":false,"showVisualEffectGraphs":true,"m_FxEnabled":true},"in2DMode":false,"pivot":{"x":0.04843294620513916,"y":1.4044468402862549,"z":0.05332159996032715},"rotation":{"x":-0.004424930550158024,"y":0.9955703020095825,"z":0.06819397211074829,"w":0.06460372358560562},"size":1.2575078010559083,"orthographic":false}