{"cameraMode":{"drawMode":0,"name":"Shaded","section":"Shading Mode"},"sceneLighting":true,"audioPlay":false,"sceneViewState":{"m_AlwaysRefresh":false,"showFog":true,"showSkybox":true,"showFlares":true,"showImageEffects":true,"showParticleSystems":true,"showVisualEffectGraphs":true,"m_FxEnabled":true},"in2DMode":false,"pivot":{"x":-9.507537841796875,"y":1.0588903427124024,"z":202.3716583251953},"rotation":{"x":-0.006898187100887299,"y":-0.9930686354637146,"z":0.07852590084075928,"w":-0.08724094182252884},"size":7.5120673179626469,"orthographic":false}